Link,Title,Company,Location,Salary
https://kr.indeed.com/jobs?q=python&l&vjk=d01a7809040e43f1,퀀트운용본부 퀀트운용팀(인턴~사원),현대자산운용,대한민국,??
https://kr.indeed.com/jobs?q=python&l&vjk=67c19d7ac0857ecd,빅데이터 분야,LG유플러스3.83.83.8,서울,??
https://kr.indeed.com/jobs?q=python&l&vjk=b1c15b71e2c94056,Data Engineer & Scientist,LG전자3.83.83.8,서울 영등포구,??
https://kr.indeed.com/jobs?q=python&l&vjk=1015284880e2ff62,라인프렌즈 2022년 각 부문 수시,라인프렌즈,서울 용산구,??
https://kr.indeed.com/jobs?q=python&l&vjk=789cfa298329897f,산업용 솔루션 개발,(주)넥시빌,경기도 고양,"연봉 36,000,000원 - 60,000,000원"
https://kr.indeed.com/jobs?q=python&l&vjk=6dd48f3771d01215,"Student Researcher Intern, 2022",Google4.34.34.3,서울,??
https://kr.indeed.com/jobs?q=python&l&vjk=1601f1bfe3302af5,2022년 상반기 백엔드 개발자,반달소프트,성남 분당구,??
https://kr.indeed.com/jobs?q=python&l&vjk=992f17e9e0140eca,Backend Developer (Python/Senior/6년이상),위대한상상,서울 서초구,??
https://kr.indeed.com/jobs?q=python&l&vjk=0cb4a784529cb1b8,Software Engineer,Google4.34.34.3,서울,??
https://kr.indeed.com/jobs?q=python&l&vjk=f6dd075d7c548083,[ HDC 랩스 ] 2022년 상반기 경력 공개,에이치디씨랩스,서울 용산구,??
https://kr.indeed.com/jobs?q=python&l&vjk=af846ce8ea8351ab,"Software Engineer, Camera 3A",Google4.34.34.3,서울,??
https://kr.indeed.com/jobs?q=python&l&vjk=5b90e74ac08353b4,[TmaxAI/R&D] NLP/음성 부문 AI모델 개발자,티맥스소프트,성남 분당구,??
https://kr.indeed.com/jobs?q=python&l&vjk=0d0018d464c0d7f8,신입/경력사원,LG이노텍4.14.14.1,서울 마곡역,??
https://kr.indeed.com/jobs?q=python&l&vjk=40c881f35bbfdb9b,Summer Internship Path : 석박사 맞춤형 인턴십,LG CNS3.73.73.7,서울,??
https://kr.indeed.com/jobs?q=python&l&vjk=5831d883c772b977,[TmaxEdu/R&D] 연구 개발자,티맥스소프트,성남 분당구,??
https://kr.indeed.com/jobs?q=python&l&vjk=6fa799897d8ef951,파이썬 개발자 - Python Developer,axxessio GmbH+1 지역,서울+1 지역,??
https://kr.indeed.com/jobs?q=python&l&vjk=b515669e8032265b,[kt ds] 2022년 각 부문별 경력사원 수시,케이티디에스,서울 서초구,??
https://kr.indeed.com/jobs?q=python&l&vjk=da69cd8a27564037,2022년 신입/경력사원 수시,벽산,서울 중구,??
https://kr.indeed.com/jobs?q=python&l&vjk=56054fe5f3dd4da8,"[TmaxMetaverse/R&D] 게임 엔진, 게임 서버, 메타버스 스튜디오, Vision AI 엔진 개발자",티맥스소프트,성남 분당구,??
https://kr.indeed.com/jobs?q=python&l&vjk=6d4c339f382395ab,Technical Support Engineering-AKS,Microsoft4.24.24.2,서울,??
https://kr.indeed.com/jobs?q=python&l&vjk=300315c828d012f8,데이터분석가 - Global Leading Consulting Firm,에스에프인촌,서울,??
https://kr.indeed.com/jobs?q=python&l&vjk=2d887b3032ebc835,"Associate Software Engineer, gReach Program for Veterans (보훈대상자)",Google4.34.34.3,서울,??
https://kr.indeed.com/jobs?q=python&l&vjk=c17577c26003e389,반도체 Global Verification Project Manager,회사명,성남 분당구,??
https://kr.indeed.com/jobs?q=python&l&vjk=44e9ac7f0f94e784,한국필립모리스 2022년 상반기 수시,한국필립모리스㈜,서울 영등포구,??
https://kr.indeed.com/jobs?q=python&l&vjk=abdc136f65ceddd4,AI 분야,LG유플러스3.83.83.8,서울,??
https://kr.indeed.com/jobs?q=python&l&vjk=e388dcd8eaea288a,[HDC 랩스] 2022년 상반기 경력 공개,현대산업개발2.52.52.5,서울특별시,??
https://kr.indeed.com/jobs?q=python&l&vjk=2a5b207c17d06e56,클라우드 부문 인재,신세계아이앤씨,서울 중구,??
https://kr.indeed.com/jobs?q=python&l&vjk=a91e307a449bbf1f,"Charging Operations Specialist, APAC Charging (English Speaker Needed)",Tesla,서울 강남구,??
https://kr.indeed.com/jobs?q=python&l&vjk=ef4f835e3c0b953e,Network Engineer,에스케이텔레콤,서울 중구,??
https://kr.indeed.com/jobs?q=python&l&vjk=89da943e9a11af36,각 부문별,드림어스컴퍼니,서울 서초구,??
https://kr.indeed.com/jobs?q=python&l&vjk=59f3955300bad295,[NAVER Z] 데이터 엔지니어,네이버제트,성남 분당구,??
https://kr.indeed.com/jobs?q=python&l&vjk=71c47ac87bb4087e,기술 인턴 인공지능 응용 연구/개발 인턴,써로마인드로보틱스,서울 관악구,??
https://kr.indeed.com/jobs?q=python&l&vjk=016de9bb83a8032d,JR0186078 AI Research Engineer Intern,인텔코리아,서울,??
https://kr.indeed.com/jobs?q=python&l&vjk=5eed024ee8bba2a5,Klleon R&D(전문연구원 및 정규직),클레온,서울 성동구,??
https://kr.indeed.com/jobs?q=python&l&vjk=a27cd33cb789697d,[NHN] 인사운영,NHN] [NHN4.24.24.2,성남 판교역,??
https://kr.indeed.com/jobs?q=python&l&vjk=85d5ca2cd5b4dbfb,(주)클레온 Klleon MLOps Engineer 전문연구원 및 계약직,클레온,서울 성동구,??
https://kr.indeed.com/jobs?q=python&l&vjk=071af9d7867fb6f8,악성 코드 분석,에스케이쉴더스,성남 분당구,??
https://kr.indeed.com/jobs?q=python&l&vjk=6e40505ede5deff5,"Technical Solutions Engineer, Wear OS",Google4.34.34.3,서울,??
https://kr.indeed.com/jobs?q=python&l&vjk=69d3cc2cca262747,Machine Learning Engineer Intern - Korea,MOLOCO,서울,??
https://kr.indeed.com/jobs?q=python&l&vjk=287a2f9783758916,한국행동과학연구소 각 부문 수시,한국행동과학연구소,서울 강남구,??
https://kr.indeed.com/jobs?q=python&l&vjk=38b3d70ee4b530c4,[TmaxFinTech/R&D] AI & FinTech 프론트엔드 개발자,티맥스소프트,성남 분당구,??
https://kr.indeed.com/jobs?q=python&l&vjk=cadddc1d517bc19b,Renewable Energy Analyst,DNV3.83.83.8,서울,??
https://kr.indeed.com/jobs?q=python&l&vjk=03d4455768432ff5,"Back-End Software Engineer, TensorFlow Extended",Google4.34.34.3,서울,??
https://kr.indeed.com/jobs?q=python&l&vjk=e93674548793e94c,데이터 분석가 영입,카카오페이,성남 분당구,??
https://kr.indeed.com/jobs?q=python&l&vjk=aac8e9355cb855ac,[인재풀] 아티스트 ART,Electronic Arts,서울,??
https://kr.indeed.com/jobs?q=python&l&vjk=56a568e810beef7b,인공지능 말동무인형 WEB 개발자,미스터마인드,성남 분당구,"연봉 40,000,000원 - 120,000,000원"
https://kr.indeed.com/jobs?q=python&l&vjk=e6f79134827d23a7,데이터분석 전문가 모집,11번가,서울 남대문로5가,??
https://kr.indeed.com/jobs?q=python&l&vjk=e9d820b3e4bb069e,데이터 엔지니어 (전문연구요원 가능),메쉬코리아,서울 강남구,??
https://kr.indeed.com/jobs?q=python&l&vjk=84db2475d27626ff,AI Research Engineer for NNCF,Intel4.14.14.1,서울,??
https://kr.indeed.com/jobs?q=python&l&vjk=2f56d4b70c1df086,하반기 인턴직 모집,한솔그룹,서울 을지로2가,??
https://kr.indeed.com/jobs?q=python&l&vjk=d01a7809040e43f1,퀀트운용본부 퀀트운용팀(인턴~사원),현대자산운용,대한민국,??
https://kr.indeed.com/jobs?q=python&l&vjk=abdc136f65ceddd4,AI 분야,LG유플러스3.83.83.8,서울,??
https://kr.indeed.com/jobs?q=python&l&vjk=1015284880e2ff62,라인프렌즈 2022년 각 부문 수시,라인프렌즈,서울 용산구,??
https://kr.indeed.com/jobs?q=python&l&vjk=6dd48f3771d01215,"Student Researcher Intern, 2022",Google4.34.34.3,서울,??
https://kr.indeed.com/jobs?q=python&l&vjk=0cb4a784529cb1b8,Software Engineer,Google4.34.34.3,서울,??
https://kr.indeed.com/jobs?q=python&l&vjk=af846ce8ea8351ab,"Software Engineer, Camera 3A",Google4.34.34.3,서울,??
https://kr.indeed.com/jobs?q=python&l&vjk=40c881f35bbfdb9b,Summer Internship Path : 석박사 맞춤형 인턴십,LG CNS3.73.73.7,서울,??
https://kr.indeed.com/jobs?q=python&l&vjk=6fa799897d8ef951,파이썬 개발자 - Python Developer,axxessio GmbH+1 지역,서울+1 지역,??
https://kr.indeed.com/jobs?q=python&l&vjk=da69cd8a27564037,2022년 신입/경력사원 수시,벽산,서울 중구,??
https://kr.indeed.com/jobs?q=python&l&vjk=6d4c339f382395ab,Technical Support Engineering-AKS,Microsoft4.24.24.2,서울,??
https://kr.indeed.com/jobs?q=python&l&vjk=2d887b3032ebc835,"Associate Software Engineer, gReach Program for Veterans (보훈대상자)",Google4.34.34.3,서울,??
https://kr.indeed.com/jobs?q=python&l&vjk=44e9ac7f0f94e784,한국필립모리스 2022년 상반기 수시,한국필립모리스㈜,서울 영등포구,??
https://kr.indeed.com/jobs?q=python&l&vjk=e388dcd8eaea288a,[HDC 랩스] 2022년 상반기 경력 공개,현대산업개발2.52.52.5,서울특별시,??
https://kr.indeed.com/jobs?q=python&l&vjk=67c19d7ac0857ecd,빅데이터 분야,LG유플러스3.83.83.8,서울,??
https://kr.indeed.com/jobs?q=python&l&vjk=b1c15b71e2c94056,Data Engineer & Scientist,LG전자3.83.83.8,서울 영등포구,??
https://kr.indeed.com/jobs?q=python&l&vjk=789cfa298329897f,산업용 솔루션 개발,(주)넥시빌,경기도 고양,"연봉 36,000,000원 - 60,000,000원"
https://kr.indeed.com/jobs?q=python&l&vjk=1601f1bfe3302af5,2022년 상반기 백엔드 개발자,반달소프트,성남 분당구,??
https://kr.indeed.com/jobs?q=python&l&vjk=992f17e9e0140eca,Backend Developer (Python/Senior/6년이상),위대한상상,서울 서초구,??
https://kr.indeed.com/jobs?q=python&l&vjk=f6dd075d7c548083,[ HDC 랩스 ] 2022년 상반기 경력 공개,에이치디씨랩스,서울 용산구,??
https://kr.indeed.com/jobs?q=python&l&vjk=5b90e74ac08353b4,[TmaxAI/R&D] NLP/음성 부문 AI모델 개발자,티맥스소프트,성남 분당구,??
https://kr.indeed.com/jobs?q=python&l&vjk=0d0018d464c0d7f8,신입/경력사원,LG이노텍4.14.14.1,서울 마곡역,??
https://kr.indeed.com/jobs?q=python&l&vjk=5831d883c772b977,[TmaxEdu/R&D] 연구 개발자,티맥스소프트,성남 분당구,??
https://kr.indeed.com/jobs?q=python&l&vjk=b515669e8032265b,[kt ds] 2022년 각 부문별 경력사원 수시,케이티디에스,서울 서초구,??
https://kr.indeed.com/jobs?q=python&l&vjk=56054fe5f3dd4da8,"[TmaxMetaverse/R&D] 게임 엔진, 게임 서버, 메타버스 스튜디오, Vision AI 엔진 개발자",티맥스소프트,성남 분당구,??
https://kr.indeed.com/jobs?q=python&l&vjk=300315c828d012f8,데이터분석가 - Global Leading Consulting Firm,에스에프인촌,서울,??
https://kr.indeed.com/jobs?q=python&l&vjk=c17577c26003e389,반도체 Global Verification Project Manager,회사명,성남 분당구,??
https://kr.indeed.com/jobs?q=python&l&vjk=a91e307a449bbf1f,"Charging Operations Specialist, APAC Charging (English Speaker Needed)",Tesla,서울 강남구,??
https://kr.indeed.com/jobs?q=python&l&vjk=2a5b207c17d06e56,클라우드 부문 인재,신세계아이앤씨,서울 중구,??
https://kr.indeed.com/jobs?q=python&l&vjk=89da943e9a11af36,각 부문별,드림어스컴퍼니,서울 서초구,??
https://kr.indeed.com/jobs?q=python&l&vjk=59f3955300bad295,[NAVER Z] 데이터 엔지니어,네이버제트,성남 분당구,??
https://kr.indeed.com/jobs?q=python&l&vjk=016de9bb83a8032d,JR0186078 AI Research Engineer Intern,인텔코리아,서울,??
https://kr.indeed.com/jobs?q=python&l&vjk=a27cd33cb789697d,[NHN] 인사운영,NHN] [NHN4.24.24.2,성남 판교역,??
https://kr.indeed.com/jobs?q=python&l&vjk=6e40505ede5deff5,"Technical Solutions Engineer, Wear OS",Google4.34.34.3,서울,??
https://kr.indeed.com/jobs?q=python&l&vjk=287a2f9783758916,한국행동과학연구소 각 부문 수시,한국행동과학연구소,서울 강남구,??
https://kr.indeed.com/jobs?q=python&l&vjk=cadddc1d517bc19b,Renewable Energy Analyst,DNV3.83.83.8,서울,??
https://kr.indeed.com/jobs?q=python&l&vjk=e93674548793e94c,데이터 분석가 영입,카카오페이,성남 분당구,??
https://kr.indeed.com/jobs?q=python&l&vjk=56a568e810beef7b,인공지능 말동무인형 WEB 개발자,미스터마인드,성남 분당구,"연봉 40,000,000원 - 120,000,000원"
https://kr.indeed.com/jobs?q=python&l&vjk=e9d820b3e4bb069e,데이터 엔지니어 (전문연구요원 가능),메쉬코리아,서울 강남구,??
https://kr.indeed.com/jobs?q=python&l&vjk=2f56d4b70c1df086,하반기 인턴직 모집,한솔그룹,서울 을지로2가,??
https://kr.indeed.com/jobs?q=python&l&vjk=69d3cc2cca262747,Machine Learning Engineer Intern - Korea,MOLOCO,서울,??
https://kr.indeed.com/jobs?q=python&l&vjk=ef4f835e3c0b953e,Network Engineer,에스케이텔레콤,서울 중구,??
https://kr.indeed.com/jobs?q=python&l&vjk=71c47ac87bb4087e,기술 인턴 인공지능 응용 연구/개발 인턴,써로마인드로보틱스,서울 관악구,??
https://kr.indeed.com/jobs?q=python&l&vjk=5eed024ee8bba2a5,Klleon R&D(전문연구원 및 정규직),클레온,서울 성동구,??
https://kr.indeed.com/jobs?q=python&l&vjk=85d5ca2cd5b4dbfb,(주)클레온 Klleon MLOps Engineer 전문연구원 및 계약직,클레온,서울 성동구,??
https://kr.indeed.com/jobs?q=python&l&vjk=071af9d7867fb6f8,악성 코드 분석,에스케이쉴더스,성남 분당구,??
https://kr.indeed.com/jobs?q=python&l&vjk=aac8e9355cb855ac,[인재풀] 아티스트 ART,Electronic Arts,서울,??
https://kr.indeed.com/jobs?q=python&l&vjk=38b3d70ee4b530c4,[TmaxFinTech/R&D] AI & FinTech 프론트엔드 개발자,티맥스소프트,성남 분당구,??
https://kr.indeed.com/jobs?q=python&l&vjk=03d4455768432ff5,"Back-End Software Engineer, TensorFlow Extended",Google4.34.34.3,서울,??
https://kr.indeed.com/jobs?q=python&l&vjk=84db2475d27626ff,AI Research Engineer for NNCF,Intel4.14.14.1,서울,??
https://kr.indeed.com/jobs?q=python&l&vjk=e6f79134827d23a7,데이터분석 전문가 모집,11번가,서울 남대문로5가,??
https://kr.indeed.com/jobs?q=python&l&vjk=d01a7809040e43f1,퀀트운용본부 퀀트운용팀(인턴~사원),현대자산운용,대한민국,??
https://kr.indeed.com/jobs?q=python&l&vjk=1015284880e2ff62,라인프렌즈 2022년 각 부문 수시,라인프렌즈,서울 용산구,??
https://kr.indeed.com/jobs?q=python&l&vjk=6dd48f3771d01215,"Student Researcher Intern, 2022",Google4.34.34.3,서울,??
https://kr.indeed.com/jobs?q=python&l&vjk=0cb4a784529cb1b8,Software Engineer,Google4.34.34.3,서울,??
https://kr.indeed.com/jobs?q=python&l&vjk=6fa799897d8ef951,파이썬 개발자 - Python Developer,axxessio GmbH+1 지역,서울+1 지역,??
https://kr.indeed.com/jobs?q=python&l&vjk=af846ce8ea8351ab,"Software Engineer, Camera 3A",Google4.34.34.3,서울,??
https://kr.indeed.com/jobs?q=python&l&vjk=40c881f35bbfdb9b,Summer Internship Path : 석박사 맞춤형 인턴십,LG CNS3.73.73.7,서울,??
https://kr.indeed.com/jobs?q=python&l&vjk=da69cd8a27564037,2022년 신입/경력사원 수시,벽산,서울 중구,??
https://kr.indeed.com/jobs?q=python&l&vjk=6d4c339f382395ab,Technical Support Engineering-AKS,Microsoft4.24.24.2,서울,??
https://kr.indeed.com/jobs?q=python&l&vjk=2d887b3032ebc835,"Associate Software Engineer, gReach Program for Veterans (보훈대상자)",Google4.34.34.3,서울,??
https://kr.indeed.com/jobs?q=python&l&vjk=44e9ac7f0f94e784,한국필립모리스 2022년 상반기 수시,한국필립모리스㈜,서울 영등포구,??
https://kr.indeed.com/jobs?q=python&l&vjk=e388dcd8eaea288a,[HDC 랩스] 2022년 상반기 경력 공개,현대산업개발2.52.52.5,서울특별시,??
https://kr.indeed.com/jobs?q=python&l&vjk=67c19d7ac0857ecd,빅데이터 분야,LG유플러스3.83.83.8,서울,??
https://kr.indeed.com/jobs?q=python&l&vjk=b1c15b71e2c94056,Data Engineer & Scientist,LG전자3.83.83.8,서울 영등포구,??
https://kr.indeed.com/jobs?q=python&l&vjk=789cfa298329897f,산업용 솔루션 개발,(주)넥시빌,경기도 고양,"연봉 36,000,000원 - 60,000,000원"
https://kr.indeed.com/jobs?q=python&l&vjk=1601f1bfe3302af5,2022년 상반기 백엔드 개발자,반달소프트,성남 분당구,??
https://kr.indeed.com/jobs?q=python&l&vjk=992f17e9e0140eca,Backend Developer (Python/Senior/6년이상),위대한상상,서울 서초구,??
https://kr.indeed.com/jobs?q=python&l&vjk=f6dd075d7c548083,[ HDC 랩스 ] 2022년 상반기 경력 공개,에이치디씨랩스,서울 용산구,??
https://kr.indeed.com/jobs?q=python&l&vjk=5b90e74ac08353b4,[TmaxAI/R&D] NLP/음성 부문 AI모델 개발자,티맥스소프트,성남 분당구,??
https://kr.indeed.com/jobs?q=python&l&vjk=0d0018d464c0d7f8,신입/경력사원,LG이노텍4.14.14.1,서울 마곡역,??
https://kr.indeed.com/jobs?q=python&l&vjk=5831d883c772b977,[TmaxEdu/R&D] 연구 개발자,티맥스소프트,성남 분당구,??
https://kr.indeed.com/jobs?q=python&l&vjk=b515669e8032265b,[kt ds] 2022년 각 부문별 경력사원 수시,케이티디에스,서울 서초구,??
https://kr.indeed.com/jobs?q=python&l&vjk=56054fe5f3dd4da8,"[TmaxMetaverse/R&D] 게임 엔진, 게임 서버, 메타버스 스튜디오, Vision AI 엔진 개발자",티맥스소프트,성남 분당구,??
https://kr.indeed.com/jobs?q=python&l&vjk=300315c828d012f8,데이터분석가 - Global Leading Consulting Firm,에스에프인촌,서울,??
https://kr.indeed.com/jobs?q=python&l&vjk=c17577c26003e389,반도체 Global Verification Project Manager,회사명,성남 분당구,??
https://kr.indeed.com/jobs?q=python&l&vjk=abdc136f65ceddd4,AI 분야,LG유플러스3.83.83.8,서울,??
https://kr.indeed.com/jobs?q=python&l&vjk=2a5b207c17d06e56,클라우드 부문 인재,신세계아이앤씨,서울 중구,??
https://kr.indeed.com/jobs?q=python&l&vjk=89da943e9a11af36,각 부문별,드림어스컴퍼니,서울 서초구,??
https://kr.indeed.com/jobs?q=python&l&vjk=59f3955300bad295,[NAVER Z] 데이터 엔지니어,네이버제트,성남 분당구,??
https://kr.indeed.com/jobs?q=python&l&vjk=016de9bb83a8032d,JR0186078 AI Research Engineer Intern,인텔코리아,서울,??
https://kr.indeed.com/jobs?q=python&l&vjk=a27cd33cb789697d,[NHN] 인사운영,NHN] [NHN4.24.24.2,성남 판교역,??
https://kr.indeed.com/jobs?q=python&l&vjk=6e40505ede5deff5,"Technical Solutions Engineer, Wear OS",Google4.34.34.3,서울,??
https://kr.indeed.com/jobs?q=python&l&vjk=287a2f9783758916,한국행동과학연구소 각 부문 수시,한국행동과학연구소,서울 강남구,??
https://kr.indeed.com/jobs?q=python&l&vjk=cadddc1d517bc19b,Renewable Energy Analyst,DNV3.83.83.8,서울,??
https://kr.indeed.com/jobs?q=python&l&vjk=e93674548793e94c,데이터 분석가 영입,카카오페이,성남 분당구,??
https://kr.indeed.com/jobs?q=python&l&vjk=56a568e810beef7b,인공지능 말동무인형 WEB 개발자,미스터마인드,성남 분당구,"연봉 40,000,000원 - 120,000,000원"
https://kr.indeed.com/jobs?q=python&l&vjk=e9d820b3e4bb069e,데이터 엔지니어 (전문연구요원 가능),메쉬코리아,서울 강남구,??
https://kr.indeed.com/jobs?q=python&l&vjk=2f56d4b70c1df086,하반기 인턴직 모집,한솔그룹,서울 을지로2가,??
https://kr.indeed.com/jobs?q=python&l&vjk=a91e307a449bbf1f,"Charging Operations Specialist, APAC Charging (English Speaker Needed)",Tesla,서울 강남구,??
https://kr.indeed.com/jobs?q=python&l&vjk=ef4f835e3c0b953e,Network Engineer,에스케이텔레콤,서울 중구,??
https://kr.indeed.com/jobs?q=python&l&vjk=71c47ac87bb4087e,기술 인턴 인공지능 응용 연구/개발 인턴,써로마인드로보틱스,서울 관악구,??
https://kr.indeed.com/jobs?q=python&l&vjk=5eed024ee8bba2a5,Klleon R&D(전문연구원 및 정규직),클레온,서울 성동구,??
https://kr.indeed.com/jobs?q=python&l&vjk=85d5ca2cd5b4dbfb,(주)클레온 Klleon MLOps Engineer 전문연구원 및 계약직,클레온,서울 성동구,??
https://kr.indeed.com/jobs?q=python&l&vjk=071af9d7867fb6f8,악성 코드 분석,에스케이쉴더스,성남 분당구,??
https://kr.indeed.com/jobs?q=python&l&vjk=69d3cc2cca262747,Machine Learning Engineer Intern - Korea,MOLOCO,서울,??
https://kr.indeed.com/jobs?q=python&l&vjk=38b3d70ee4b530c4,[TmaxFinTech/R&D] AI & FinTech 프론트엔드 개발자,티맥스소프트,성남 분당구,??
https://kr.indeed.com/jobs?q=python&l&vjk=03d4455768432ff5,"Back-End Software Engineer, TensorFlow Extended",Google4.34.34.3,서울,??
https://kr.indeed.com/jobs?q=python&l&vjk=aac8e9355cb855ac,[인재풀] 아티스트 ART,Electronic Arts,서울,??
https://kr.indeed.com/jobs?q=python&l&vjk=e6f79134827d23a7,데이터분석 전문가 모집,11번가,서울 남대문로5가,??
https://kr.indeed.com/jobs?q=python&l&vjk=84db2475d27626ff,AI Research Engineer for NNCF,Intel4.14.14.1,서울,??
https://kr.indeed.com/jobs?q=python&l&vjk=d01a7809040e43f1,퀀트운용본부 퀀트운용팀(인턴~사원),현대자산운용,대한민국,??
https://kr.indeed.com/jobs?q=python&l&vjk=1601f1bfe3302af5,2022년 상반기 백엔드 개발자,반달소프트,성남 분당구,??
https://kr.indeed.com/jobs?q=python&l&vjk=992f17e9e0140eca,Backend Developer (Python/Senior/6년이상),위대한상상,서울 서초구,??
https://kr.indeed.com/jobs?q=python&l&vjk=f6dd075d7c548083,[ HDC 랩스 ] 2022년 상반기 경력 공개,에이치디씨랩스,서울 용산구,??
https://kr.indeed.com/jobs?q=python&l&vjk=5b90e74ac08353b4,[TmaxAI/R&D] NLP/음성 부문 AI모델 개발자,티맥스소프트,성남 분당구,??
https://kr.indeed.com/jobs?q=python&l&vjk=0d0018d464c0d7f8,신입/경력사원,LG이노텍4.14.14.1,서울 마곡역,??
https://kr.indeed.com/jobs?q=python&l&vjk=789cfa298329897f,산업용 솔루션 개발,(주)넥시빌,경기도 고양,"연봉 36,000,000원 - 60,000,000원"
https://kr.indeed.com/jobs?q=python&l&vjk=5831d883c772b977,[TmaxEdu/R&D] 연구 개발자,티맥스소프트,성남 분당구,??
https://kr.indeed.com/jobs?q=python&l&vjk=b515669e8032265b,[kt ds] 2022년 각 부문별 경력사원 수시,케이티디에스,서울 서초구,??
https://kr.indeed.com/jobs?q=python&l&vjk=56054fe5f3dd4da8,"[TmaxMetaverse/R&D] 게임 엔진, 게임 서버, 메타버스 스튜디오, Vision AI 엔진 개발자",티맥스소프트,성남 분당구,??
https://kr.indeed.com/jobs?q=python&l&vjk=300315c828d012f8,데이터분석가 - Global Leading Consulting Firm,에스에프인촌,서울,??
https://kr.indeed.com/jobs?q=python&l&vjk=c17577c26003e389,반도체 Global Verification Project Manager,회사명,성남 분당구,??
https://kr.indeed.com/jobs?q=python&l&vjk=abdc136f65ceddd4,AI 분야,LG유플러스3.83.83.8,서울,??
https://kr.indeed.com/jobs?q=python&l&vjk=2a5b207c17d06e56,클라우드 부문 인재,신세계아이앤씨,서울 중구,??
https://kr.indeed.com/jobs?q=python&l&vjk=89da943e9a11af36,각 부문별,드림어스컴퍼니,서울 서초구,??
https://kr.indeed.com/jobs?q=python&l&vjk=59f3955300bad295,[NAVER Z] 데이터 엔지니어,네이버제트,성남 분당구,??
https://kr.indeed.com/jobs?q=python&l&vjk=016de9bb83a8032d,JR0186078 AI Research Engineer Intern,인텔코리아,서울,??
https://kr.indeed.com/jobs?q=python&l&vjk=a27cd33cb789697d,[NHN] 인사운영,NHN] [NHN4.24.24.2,성남 판교역,??
https://kr.indeed.com/jobs?q=python&l&vjk=6e40505ede5deff5,"Technical Solutions Engineer, Wear OS",Google4.34.34.3,서울,??
https://kr.indeed.com/jobs?q=python&l&vjk=287a2f9783758916,한국행동과학연구소 각 부문 수시,한국행동과학연구소,서울 강남구,??
https://kr.indeed.com/jobs?q=python&l&vjk=cadddc1d517bc19b,Renewable Energy Analyst,DNV3.83.83.8,서울,??
https://kr.indeed.com/jobs?q=python&l&vjk=e93674548793e94c,데이터 분석가 영입,카카오페이,성남 분당구,??
https://kr.indeed.com/jobs?q=python&l&vjk=56a568e810beef7b,인공지능 말동무인형 WEB 개발자,미스터마인드,성남 분당구,"연봉 40,000,000원 - 120,000,000원"
https://kr.indeed.com/jobs?q=python&l&vjk=e9d820b3e4bb069e,데이터 엔지니어 (전문연구요원 가능),메쉬코리아,서울 강남구,??
https://kr.indeed.com/jobs?q=python&l&vjk=2f56d4b70c1df086,하반기 인턴직 모집,한솔그룹,서울 을지로2가,??
https://kr.indeed.com/jobs?q=python&l&vjk=a91e307a449bbf1f,"Charging Operations Specialist, APAC Charging (English Speaker Needed)",Tesla,서울 강남구,??
https://kr.indeed.com/jobs?q=python&l&vjk=1015284880e2ff62,라인프렌즈 2022년 각 부문 수시,라인프렌즈,서울 용산구,??
https://kr.indeed.com/jobs?q=python&l&vjk=ef4f835e3c0b953e,Network Engineer,에스케이텔레콤,서울 중구,??
https://kr.indeed.com/jobs?q=python&l&vjk=6dd48f3771d01215,"Student Researcher Intern, 2022",Google4.34.34.3,서울,??
https://kr.indeed.com/jobs?q=python&l&vjk=71c47ac87bb4087e,기술 인턴 인공지능 응용 연구/개발 인턴,써로마인드로보틱스,서울 관악구,??
https://kr.indeed.com/jobs?q=python&l&vjk=5eed024ee8bba2a5,Klleon R&D(전문연구원 및 정규직),클레온,서울 성동구,??
https://kr.indeed.com/jobs?q=python&l&vjk=0cb4a784529cb1b8,Software Engineer,Google4.34.34.3,서울,??
https://kr.indeed.com/jobs?q=python&l&vjk=85d5ca2cd5b4dbfb,(주)클레온 Klleon MLOps Engineer 전문연구원 및 계약직,클레온,서울 성동구,??
https://kr.indeed.com/jobs?q=python&l&vjk=af846ce8ea8351ab,"Software Engineer, Camera 3A",Google4.34.34.3,서울,??
https://kr.indeed.com/jobs?q=python&l&vjk=071af9d7867fb6f8,악성 코드 분석,에스케이쉴더스,성남 분당구,??
https://kr.indeed.com/jobs?q=python&l&vjk=69d3cc2cca262747,Machine Learning Engineer Intern - Korea,MOLOCO,서울,??
https://kr.indeed.com/jobs?q=python&l&vjk=40c881f35bbfdb9b,Summer Internship Path : 석박사 맞춤형 인턴십,LG CNS3.73.73.7,서울,??
https://kr.indeed.com/jobs?q=python&l&vjk=6fa799897d8ef951,파이썬 개발자 - Python Developer,axxessio GmbH+1 지역,서울+1 지역,??
https://kr.indeed.com/jobs?q=python&l&vjk=38b3d70ee4b530c4,[TmaxFinTech/R&D] AI & FinTech 프론트엔드 개발자,티맥스소프트,성남 분당구,??
https://kr.indeed.com/jobs?q=python&l&vjk=da69cd8a27564037,2022년 신입/경력사원 수시,벽산,서울 중구,??
https://kr.indeed.com/jobs?q=python&l&vjk=03d4455768432ff5,"Back-End Software Engineer, TensorFlow Extended",Google4.34.34.3,서울,??
https://kr.indeed.com/jobs?q=python&l&vjk=aac8e9355cb855ac,[인재풀] 아티스트 ART,Electronic Arts,서울,??
https://kr.indeed.com/jobs?q=python&l&vjk=6d4c339f382395ab,Technical Support Engineering-AKS,Microsoft4.24.24.2,서울,??
https://kr.indeed.com/jobs?q=python&l&vjk=e6f79134827d23a7,데이터분석 전문가 모집,11번가,서울 남대문로5가,??
https://kr.indeed.com/jobs?q=python&l&vjk=2d887b3032ebc835,"Associate Software Engineer, gReach Program for Veterans (보훈대상자)",Google4.34.34.3,서울,??
https://kr.indeed.com/jobs?q=python&l&vjk=84db2475d27626ff,AI Research Engineer for NNCF,Intel4.14.14.1,서울,??
https://kr.indeed.com/jobs?q=python&l&vjk=44e9ac7f0f94e784,한국필립모리스 2022년 상반기 수시,한국필립모리스㈜,서울 영등포구,??
https://kr.indeed.com/jobs?q=python&l&vjk=67c19d7ac0857ecd,빅데이터 분야,LG유플러스3.83.83.8,서울,??
https://kr.indeed.com/jobs?q=python&l&vjk=b1c15b71e2c94056,Data Engineer & Scientist,LG전자3.83.83.8,서울 영등포구,??
https://kr.indeed.com/jobs?q=python&l&vjk=e388dcd8eaea288a,[HDC 랩스] 2022년 상반기 경력 공개,현대산업개발2.52.52.5,서울특별시,??
https://kr.indeed.com/jobs?q=python&l&vjk=d01a7809040e43f1,퀀트운용본부 퀀트운용팀(인턴~사원),현대자산운용,대한민국,??
https://kr.indeed.com/jobs?q=python&l&vjk=1015284880e2ff62,라인프렌즈 2022년 각 부문 수시,라인프렌즈,서울 용산구,??
https://kr.indeed.com/jobs?q=python&l&vjk=6dd48f3771d01215,"Student Researcher Intern, 2022",Google4.34.34.3,서울,??
https://kr.indeed.com/jobs?q=python&l&vjk=0cb4a784529cb1b8,Software Engineer,Google4.34.34.3,서울,??
https://kr.indeed.com/jobs?q=python&l&vjk=af846ce8ea8351ab,"Software Engineer, Camera 3A",Google4.34.34.3,서울,??
https://kr.indeed.com/jobs?q=python&l&vjk=40c881f35bbfdb9b,Summer Internship Path : 석박사 맞춤형 인턴십,LG CNS3.73.73.7,서울,??
https://kr.indeed.com/jobs?q=python&l&vjk=6fa799897d8ef951,파이썬 개발자 - Python Developer,axxessio GmbH+1 지역,서울+1 지역,??
https://kr.indeed.com/jobs?q=python&l&vjk=da69cd8a27564037,2022년 신입/경력사원 수시,벽산,서울 중구,??
https://kr.indeed.com/jobs?q=python&l&vjk=6d4c339f382395ab,Technical Support Engineering-AKS,Microsoft4.24.24.2,서울,??
https://kr.indeed.com/jobs?q=python&l&vjk=2d887b3032ebc835,"Associate Software Engineer, gReach Program for Veterans (보훈대상자)",Google4.34.34.3,서울,??
https://kr.indeed.com/jobs?q=python&l&vjk=44e9ac7f0f94e784,한국필립모리스 2022년 상반기 수시,한국필립모리스㈜,서울 영등포구,??
https://kr.indeed.com/jobs?q=python&l&vjk=e388dcd8eaea288a,[HDC 랩스] 2022년 상반기 경력 공개,현대산업개발2.52.52.5,서울특별시,??
https://kr.indeed.com/jobs?q=python&l&vjk=67c19d7ac0857ecd,빅데이터 분야,LG유플러스3.83.83.8,서울,??
https://kr.indeed.com/jobs?q=python&l&vjk=b1c15b71e2c94056,Data Engineer & Scientist,LG전자3.83.83.8,서울 영등포구,??
https://kr.indeed.com/jobs?q=python&l&vjk=789cfa298329897f,산업용 솔루션 개발,(주)넥시빌,경기도 고양,"연봉 36,000,000원 - 60,000,000원"
https://kr.indeed.com/jobs?q=python&l&vjk=1601f1bfe3302af5,2022년 상반기 백엔드 개발자,반달소프트,성남 분당구,??
https://kr.indeed.com/jobs?q=python&l&vjk=992f17e9e0140eca,Backend Developer (Python/Senior/6년이상),위대한상상,서울 서초구,??
https://kr.indeed.com/jobs?q=python&l&vjk=f6dd075d7c548083,[ HDC 랩스 ] 2022년 상반기 경력 공개,에이치디씨랩스,서울 용산구,??
https://kr.indeed.com/jobs?q=python&l&vjk=5b90e74ac08353b4,[TmaxAI/R&D] NLP/음성 부문 AI모델 개발자,티맥스소프트,성남 분당구,??
https://kr.indeed.com/jobs?q=python&l&vjk=0d0018d464c0d7f8,신입/경력사원,LG이노텍4.14.14.1,서울 마곡역,??
https://kr.indeed.com/jobs?q=python&l&vjk=5831d883c772b977,[TmaxEdu/R&D] 연구 개발자,티맥스소프트,성남 분당구,??
https://kr.indeed.com/jobs?q=python&l&vjk=b515669e8032265b,[kt ds] 2022년 각 부문별 경력사원 수시,케이티디에스,서울 서초구,??
https://kr.indeed.com/jobs?q=python&l&vjk=56054fe5f3dd4da8,"[TmaxMetaverse/R&D] 게임 엔진, 게임 서버, 메타버스 스튜디오, Vision AI 엔진 개발자",티맥스소프트,성남 분당구,??
https://kr.indeed.com/jobs?q=python&l&vjk=300315c828d012f8,데이터분석가 - Global Leading Consulting Firm,에스에프인촌,서울,??
https://kr.indeed.com/jobs?q=python&l&vjk=c17577c26003e389,반도체 Global Verification Project Manager,회사명,성남 분당구,??
https://kr.indeed.com/jobs?q=python&l&vjk=abdc136f65ceddd4,AI 분야,LG유플러스3.83.83.8,서울,??
https://kr.indeed.com/jobs?q=python&l&vjk=2a5b207c17d06e56,클라우드 부문 인재,신세계아이앤씨,서울 중구,??
https://kr.indeed.com/jobs?q=python&l&vjk=89da943e9a11af36,각 부문별,드림어스컴퍼니,서울 서초구,??
https://kr.indeed.com/jobs?q=python&l&vjk=59f3955300bad295,[NAVER Z] 데이터 엔지니어,네이버제트,성남 분당구,??
https://kr.indeed.com/jobs?q=python&l&vjk=71c47ac87bb4087e,기술 인턴 인공지능 응용 연구/개발 인턴,써로마인드로보틱스,서울 관악구,??
https://kr.indeed.com/jobs?q=python&l&vjk=5eed024ee8bba2a5,Klleon R&D(전문연구원 및 정규직),클레온,서울 성동구,??
https://kr.indeed.com/jobs?q=python&l&vjk=85d5ca2cd5b4dbfb,(주)클레온 Klleon MLOps Engineer 전문연구원 및 계약직,클레온,서울 성동구,??
https://kr.indeed.com/jobs?q=python&l&vjk=ef4f835e3c0b953e,Network Engineer,에스케이텔레콤,서울 중구,??
https://kr.indeed.com/jobs?q=python&l&vjk=071af9d7867fb6f8,악성 코드 분석,에스케이쉴더스,성남 분당구,??
https://kr.indeed.com/jobs?q=python&l&vjk=016de9bb83a8032d,JR0186078 AI Research Engineer Intern,인텔코리아,서울,??
https://kr.indeed.com/jobs?q=python&l&vjk=69d3cc2cca262747,Machine Learning Engineer Intern - Korea,MOLOCO,서울,??
https://kr.indeed.com/jobs?q=python&l&vjk=a27cd33cb789697d,[NHN] 인사운영,NHN] [NHN4.24.24.2,성남 판교역,??
https://kr.indeed.com/jobs?q=python&l&vjk=38b3d70ee4b530c4,[TmaxFinTech/R&D] AI & FinTech 프론트엔드 개발자,티맥스소프트,성남 분당구,??
https://kr.indeed.com/jobs?q=python&l&vjk=6e40505ede5deff5,"Technical Solutions Engineer, Wear OS",Google4.34.34.3,서울,??
https://kr.indeed.com/jobs?q=python&l&vjk=03d4455768432ff5,"Back-End Software Engineer, TensorFlow Extended",Google4.34.34.3,서울,??
https://kr.indeed.com/jobs?q=python&l&vjk=287a2f9783758916,한국행동과학연구소 각 부문 수시,한국행동과학연구소,서울 강남구,??
https://kr.indeed.com/jobs?q=python&l&vjk=aac8e9355cb855ac,[인재풀] 아티스트 ART,Electronic Arts,서울,??
https://kr.indeed.com/jobs?q=python&l&vjk=e6f79134827d23a7,데이터분석 전문가 모집,11번가,서울 남대문로5가,??
https://kr.indeed.com/jobs?q=python&l&vjk=cadddc1d517bc19b,Renewable Energy Analyst,DNV3.83.83.8,서울,??
https://kr.indeed.com/jobs?q=python&l&vjk=e93674548793e94c,데이터 분석가 영입,카카오페이,성남 분당구,??
https://kr.indeed.com/jobs?q=python&l&vjk=84db2475d27626ff,AI Research Engineer for NNCF,Intel4.14.14.1,서울,??
https://kr.indeed.com/jobs?q=python&l&vjk=2f56d4b70c1df086,하반기 인턴직 모집,한솔그룹,서울 을지로2가,??
https://kr.indeed.com/jobs?q=python&l&vjk=56a568e810beef7b,인공지능 말동무인형 WEB 개발자,미스터마인드,성남 분당구,"연봉 40,000,000원 - 120,000,000원"
https://kr.indeed.com/jobs?q=python&l&vjk=e9d820b3e4bb069e,데이터 엔지니어 (전문연구요원 가능),메쉬코리아,서울 강남구,??
https://kr.indeed.com/jobs?q=python&l&vjk=a91e307a449bbf1f,"Charging Operations Specialist, APAC Charging (English Speaker Needed)",Tesla,서울 강남구,??
