Link,Title,Location,Salary
https://kr.indeed.com/viewjob?jk=6d4c339f382395ab,Technical Support Engineering-AKS,서울,??
https://kr.indeed.com/viewjob?jk=d01a7809040e43f1,퀀트운용본부 퀀트운용팀(인턴~사원),대한민국,??
https://kr.indeed.com/viewjob?jk=67c19d7ac0857ecd,빅데이터 분야,서울,??
https://kr.indeed.com/viewjob?jk=b1c15b71e2c94056,Data Engineer & Scientist,서울 영등포구,??
https://kr.indeed.com/viewjob?jk=1015284880e2ff62,라인프렌즈 2022년 각 부문 수시,서울 용산구,??
https://kr.indeed.com/viewjob?jk=789cfa298329897f,산업용 솔루션 개발,경기도 고양,"연봉 36,000,000원 - 60,000,000원"
https://kr.indeed.com/viewjob?jk=6dd48f3771d01215,"Student Researcher Intern, 2022",서울,??
https://kr.indeed.com/viewjob?jk=1601f1bfe3302af5,2022년 상반기 백엔드 개발자,성남 분당구,??
https://kr.indeed.com/viewjob?jk=992f17e9e0140eca,Backend Developer (Python/Senior/6년이상),서울 서초구,??
https://kr.indeed.com/viewjob?jk=0cb4a784529cb1b8,Software Engineer,서울,??
https://kr.indeed.com/viewjob?jk=f6dd075d7c548083,[ HDC 랩스 ] 2022년 상반기 경력 공개,서울 용산구,??
https://kr.indeed.com/viewjob?jk=af846ce8ea8351ab,"Software Engineer, Camera 3A",서울,??
https://kr.indeed.com/viewjob?jk=5b90e74ac08353b4,[TmaxAI/R&D] NLP/음성 부문 AI모델 개발자,성남 분당구,??
https://kr.indeed.com/viewjob?jk=0d0018d464c0d7f8,신입/경력사원,서울 마곡역,??
https://kr.indeed.com/viewjob?jk=40c881f35bbfdb9b,Summer Internship Path : 석박사 맞춤형 인턴십,서울,??
https://kr.indeed.com/viewjob?jk=5831d883c772b977,[TmaxEdu/R&D] 연구 개발자,성남 분당구,??
https://kr.indeed.com/viewjob?jk=6fa799897d8ef951,파이썬 개발자 - Python Developer,서울+1 지역,??
https://kr.indeed.com/viewjob?jk=b515669e8032265b,[kt ds] 2022년 각 부문별 경력사원 수시,서울 서초구,??
https://kr.indeed.com/viewjob?jk=da69cd8a27564037,2022년 신입/경력사원 수시,서울 중구,??
https://kr.indeed.com/viewjob?jk=56054fe5f3dd4da8,"[TmaxMetaverse/R&D] 게임 엔진, 게임 서버, 메타버스 스튜디오, Vision AI 엔진 개발자",성남 분당구,??
https://kr.indeed.com/viewjob?jk=6e40505ede5deff5,"Technical Solutions Engineer, Wear OS",서울,??
https://kr.indeed.com/viewjob?jk=300315c828d012f8,데이터분석가 - Global Leading Consulting Firm,서울,??
https://kr.indeed.com/viewjob?jk=2d887b3032ebc835,"Associate Software Engineer, gReach Program for Veterans (보훈대상자)",서울,??
https://kr.indeed.com/viewjob?jk=c17577c26003e389,반도체 Global Verification Project Manager,성남 분당구,??
https://kr.indeed.com/viewjob?jk=44e9ac7f0f94e784,한국필립모리스 2022년 상반기 수시,서울 영등포구,??
https://kr.indeed.com/viewjob?jk=abdc136f65ceddd4,AI 분야,서울,??
https://kr.indeed.com/viewjob?jk=e388dcd8eaea288a,[HDC 랩스] 2022년 상반기 경력 공개,서울특별시,??
https://kr.indeed.com/viewjob?jk=2a5b207c17d06e56,클라우드 부문 인재,서울 중구,??
https://kr.indeed.com/viewjob?jk=a91e307a449bbf1f,"Charging Operations Specialist, APAC Charging (English Speaker Needed)",서울 강남구,??
https://kr.indeed.com/viewjob?jk=ef4f835e3c0b953e,Network Engineer,서울 중구,??
https://kr.indeed.com/viewjob?jk=89da943e9a11af36,각 부문별,서울 서초구,??
https://kr.indeed.com/viewjob?jk=59f3955300bad295,[NAVER Z] 데이터 엔지니어,성남 분당구,??
https://kr.indeed.com/viewjob?jk=71c47ac87bb4087e,기술 인턴 인공지능 응용 연구/개발 인턴,서울 관악구,??
https://kr.indeed.com/viewjob?jk=016de9bb83a8032d,JR0186078 AI Research Engineer Intern,서울,??
https://kr.indeed.com/viewjob?jk=5eed024ee8bba2a5,Klleon R&D(전문연구원 및 정규직),서울 성동구,??
https://kr.indeed.com/viewjob?jk=a27cd33cb789697d,[NHN] 인사운영,성남 판교역,??
https://kr.indeed.com/viewjob?jk=85d5ca2cd5b4dbfb,(주)클레온 Klleon MLOps Engineer 전문연구원 및 계약직,서울 성동구,??
https://kr.indeed.com/viewjob?jk=071af9d7867fb6f8,악성 코드 분석,성남 분당구,??
https://kr.indeed.com/viewjob?jk=992f17e9e0140eca,Backend Developer (Python/Senior/6년이상),서울 서초구,??
https://kr.indeed.com/viewjob?jk=69d3cc2cca262747,Machine Learning Engineer Intern - Korea,서울,??
https://kr.indeed.com/viewjob?jk=287a2f9783758916,한국행동과학연구소 각 부문 수시,서울 강남구,??
https://kr.indeed.com/viewjob?jk=38b3d70ee4b530c4,[TmaxFinTech/R&D] AI & FinTech 프론트엔드 개발자,성남 분당구,??
https://kr.indeed.com/viewjob?jk=cadddc1d517bc19b,Renewable Energy Analyst,서울,??
https://kr.indeed.com/viewjob?jk=03d4455768432ff5,"Back-End Software Engineer, TensorFlow Extended",서울,??
https://kr.indeed.com/viewjob?jk=e93674548793e94c,데이터 분석가 영입,성남 분당구,??
https://kr.indeed.com/viewjob?jk=aac8e9355cb855ac,[인재풀] 아티스트 ART,서울,??
https://kr.indeed.com/viewjob?jk=56a568e810beef7b,인공지능 말동무인형 WEB 개발자,성남 분당구,"연봉 40,000,000원 - 120,000,000원"
https://kr.indeed.com/viewjob?jk=e6f79134827d23a7,데이터분석 전문가 모집,서울 남대문로5가,??
https://kr.indeed.com/viewjob?jk=e9d820b3e4bb069e,데이터 엔지니어 (전문연구요원 가능),서울 강남구,??
https://kr.indeed.com/viewjob?jk=84db2475d27626ff,AI Research Engineer for NNCF,서울,??
https://kr.indeed.com/viewjob?jk=2f56d4b70c1df086,하반기 인턴직 모집,서울 을지로2가,??
https://kr.indeed.com/viewjob?jk=d01a7809040e43f1,퀀트운용본부 퀀트운용팀(인턴~사원),대한민국,??
https://kr.indeed.com/viewjob?jk=abdc136f65ceddd4,AI 분야,서울,??
https://kr.indeed.com/viewjob?jk=1015284880e2ff62,라인프렌즈 2022년 각 부문 수시,서울 용산구,??
https://kr.indeed.com/viewjob?jk=6dd48f3771d01215,"Student Researcher Intern, 2022",서울,??
https://kr.indeed.com/viewjob?jk=0cb4a784529cb1b8,Software Engineer,서울,??
https://kr.indeed.com/viewjob?jk=af846ce8ea8351ab,"Software Engineer, Camera 3A",서울,??
https://kr.indeed.com/viewjob?jk=40c881f35bbfdb9b,Summer Internship Path : 석박사 맞춤형 인턴십,서울,??
https://kr.indeed.com/viewjob?jk=6fa799897d8ef951,파이썬 개발자 - Python Developer,서울+1 지역,??
https://kr.indeed.com/viewjob?jk=da69cd8a27564037,2022년 신입/경력사원 수시,서울 중구,??
https://kr.indeed.com/viewjob?jk=6d4c339f382395ab,Technical Support Engineering-AKS,서울,??
https://kr.indeed.com/viewjob?jk=2d887b3032ebc835,"Associate Software Engineer, gReach Program for Veterans (보훈대상자)",서울,??
https://kr.indeed.com/viewjob?jk=44e9ac7f0f94e784,한국필립모리스 2022년 상반기 수시,서울 영등포구,??
https://kr.indeed.com/viewjob?jk=e388dcd8eaea288a,[HDC 랩스] 2022년 상반기 경력 공개,서울특별시,??
https://kr.indeed.com/viewjob?jk=67c19d7ac0857ecd,빅데이터 분야,서울,??
https://kr.indeed.com/viewjob?jk=b1c15b71e2c94056,Data Engineer & Scientist,서울 영등포구,??
https://kr.indeed.com/viewjob?jk=789cfa298329897f,산업용 솔루션 개발,경기도 고양,"연봉 36,000,000원 - 60,000,000원"
https://kr.indeed.com/viewjob?jk=1601f1bfe3302af5,2022년 상반기 백엔드 개발자,성남 분당구,??
https://kr.indeed.com/viewjob?jk=1015284880e2ff62,라인프렌즈 2022년 각 부문 수시,서울 용산구,??
https://kr.indeed.com/viewjob?jk=f6dd075d7c548083,[ HDC 랩스 ] 2022년 상반기 경력 공개,서울 용산구,??
https://kr.indeed.com/viewjob?jk=5b90e74ac08353b4,[TmaxAI/R&D] NLP/음성 부문 AI모델 개발자,성남 분당구,??
https://kr.indeed.com/viewjob?jk=0d0018d464c0d7f8,신입/경력사원,서울 마곡역,??
https://kr.indeed.com/viewjob?jk=5831d883c772b977,[TmaxEdu/R&D] 연구 개발자,성남 분당구,??
https://kr.indeed.com/viewjob?jk=b515669e8032265b,[kt ds] 2022년 각 부문별 경력사원 수시,서울 서초구,??
https://kr.indeed.com/viewjob?jk=56054fe5f3dd4da8,"[TmaxMetaverse/R&D] 게임 엔진, 게임 서버, 메타버스 스튜디오, Vision AI 엔진 개발자",성남 분당구,??
https://kr.indeed.com/viewjob?jk=300315c828d012f8,데이터분석가 - Global Leading Consulting Firm,서울,??
https://kr.indeed.com/viewjob?jk=c17577c26003e389,반도체 Global Verification Project Manager,성남 분당구,??
https://kr.indeed.com/viewjob?jk=a91e307a449bbf1f,"Charging Operations Specialist, APAC Charging (English Speaker Needed)",서울 강남구,??
https://kr.indeed.com/viewjob?jk=2a5b207c17d06e56,클라우드 부문 인재,서울 중구,??
https://kr.indeed.com/viewjob?jk=89da943e9a11af36,각 부문별,서울 서초구,??
https://kr.indeed.com/viewjob?jk=59f3955300bad295,[NAVER Z] 데이터 엔지니어,성남 분당구,??
https://kr.indeed.com/viewjob?jk=016de9bb83a8032d,JR0186078 AI Research Engineer Intern,서울,??
https://kr.indeed.com/viewjob?jk=a27cd33cb789697d,[NHN] 인사운영,성남 판교역,??
https://kr.indeed.com/viewjob?jk=6e40505ede5deff5,"Technical Solutions Engineer, Wear OS",서울,??
https://kr.indeed.com/viewjob?jk=287a2f9783758916,한국행동과학연구소 각 부문 수시,서울 강남구,??
https://kr.indeed.com/viewjob?jk=cadddc1d517bc19b,Renewable Energy Analyst,서울,??
https://kr.indeed.com/viewjob?jk=e93674548793e94c,데이터 분석가 영입,성남 분당구,??
https://kr.indeed.com/viewjob?jk=56a568e810beef7b,인공지능 말동무인형 WEB 개발자,성남 분당구,"연봉 40,000,000원 - 120,000,000원"
https://kr.indeed.com/viewjob?jk=e9d820b3e4bb069e,데이터 엔지니어 (전문연구요원 가능),서울 강남구,??
https://kr.indeed.com/viewjob?jk=2f56d4b70c1df086,하반기 인턴직 모집,서울 을지로2가,??
https://kr.indeed.com/viewjob?jk=69d3cc2cca262747,Machine Learning Engineer Intern - Korea,서울,??
https://kr.indeed.com/viewjob?jk=ef4f835e3c0b953e,Network Engineer,서울 중구,??
https://kr.indeed.com/viewjob?jk=71c47ac87bb4087e,기술 인턴 인공지능 응용 연구/개발 인턴,서울 관악구,??
https://kr.indeed.com/viewjob?jk=5eed024ee8bba2a5,Klleon R&D(전문연구원 및 정규직),서울 성동구,??
https://kr.indeed.com/viewjob?jk=85d5ca2cd5b4dbfb,(주)클레온 Klleon MLOps Engineer 전문연구원 및 계약직,서울 성동구,??
https://kr.indeed.com/viewjob?jk=071af9d7867fb6f8,악성 코드 분석,성남 분당구,??
https://kr.indeed.com/viewjob?jk=aac8e9355cb855ac,[인재풀] 아티스트 ART,서울,??
https://kr.indeed.com/viewjob?jk=38b3d70ee4b530c4,[TmaxFinTech/R&D] AI & FinTech 프론트엔드 개발자,성남 분당구,??
https://kr.indeed.com/viewjob?jk=03d4455768432ff5,"Back-End Software Engineer, TensorFlow Extended",서울,??
https://kr.indeed.com/viewjob?jk=84db2475d27626ff,AI Research Engineer for NNCF,서울,??
https://kr.indeed.com/viewjob?jk=e6f79134827d23a7,데이터분석 전문가 모집,서울 남대문로5가,??
https://kr.indeed.com/viewjob?jk=d01a7809040e43f1,퀀트운용본부 퀀트운용팀(인턴~사원),대한민국,??
https://kr.indeed.com/viewjob?jk=a27cd33cb789697d,[NHN] 인사운영,성남 판교역,??
https://kr.indeed.com/viewjob?jk=6dd48f3771d01215,"Student Researcher Intern, 2022",서울,??
https://kr.indeed.com/viewjob?jk=0cb4a784529cb1b8,Software Engineer,서울,??
https://kr.indeed.com/viewjob?jk=6fa799897d8ef951,파이썬 개발자 - Python Developer,서울+1 지역,??
https://kr.indeed.com/viewjob?jk=af846ce8ea8351ab,"Software Engineer, Camera 3A",서울,??
https://kr.indeed.com/viewjob?jk=40c881f35bbfdb9b,Summer Internship Path : 석박사 맞춤형 인턴십,서울,??
https://kr.indeed.com/viewjob?jk=da69cd8a27564037,2022년 신입/경력사원 수시,서울 중구,??
https://kr.indeed.com/viewjob?jk=6d4c339f382395ab,Technical Support Engineering-AKS,서울,??
https://kr.indeed.com/viewjob?jk=2d887b3032ebc835,"Associate Software Engineer, gReach Program for Veterans (보훈대상자)",서울,??
https://kr.indeed.com/viewjob?jk=44e9ac7f0f94e784,한국필립모리스 2022년 상반기 수시,서울 영등포구,??
https://kr.indeed.com/viewjob?jk=e388dcd8eaea288a,[HDC 랩스] 2022년 상반기 경력 공개,서울특별시,??
https://kr.indeed.com/viewjob?jk=67c19d7ac0857ecd,빅데이터 분야,서울,??
https://kr.indeed.com/viewjob?jk=b1c15b71e2c94056,Data Engineer & Scientist,서울 영등포구,??
https://kr.indeed.com/viewjob?jk=0cb4a784529cb1b8,Software Engineer,서울,??
https://kr.indeed.com/viewjob?jk=6e40505ede5deff5,"Technical Solutions Engineer, Wear OS",서울,??
https://kr.indeed.com/viewjob?jk=85d5ca2cd5b4dbfb,(주)클레온 Klleon MLOps Engineer 전문연구원 및 계약직,서울 성동구,??
https://kr.indeed.com/viewjob?jk=789cfa298329897f,산업용 솔루션 개발,경기도 고양,"연봉 36,000,000원 - 60,000,000원"
https://kr.indeed.com/viewjob?jk=af846ce8ea8351ab,"Software Engineer, Camera 3A",서울,??
https://kr.indeed.com/viewjob?jk=1601f1bfe3302af5,2022년 상반기 백엔드 개발자,성남 분당구,??
https://kr.indeed.com/viewjob?jk=071af9d7867fb6f8,악성 코드 분석,성남 분당구,??
https://kr.indeed.com/viewjob?jk=992f17e9e0140eca,Backend Developer (Python/Senior/6년이상),서울 서초구,??
https://kr.indeed.com/viewjob?jk=69d3cc2cca262747,Machine Learning Engineer Intern - Korea,서울,??
https://kr.indeed.com/viewjob?jk=40c881f35bbfdb9b,Summer Internship Path : 석박사 맞춤형 인턴십,서울,??
https://kr.indeed.com/viewjob?jk=f6dd075d7c548083,[ HDC 랩스 ] 2022년 상반기 경력 공개,서울 용산구,??
https://kr.indeed.com/viewjob?jk=6fa799897d8ef951,파이썬 개발자 - Python Developer,서울+1 지역,??
https://kr.indeed.com/viewjob?jk=5b90e74ac08353b4,[TmaxAI/R&D] NLP/음성 부문 AI모델 개발자,성남 분당구,??
https://kr.indeed.com/viewjob?jk=38b3d70ee4b530c4,[TmaxFinTech/R&D] AI & FinTech 프론트엔드 개발자,성남 분당구,??
https://kr.indeed.com/viewjob?jk=0d0018d464c0d7f8,신입/경력사원,서울 마곡역,??
https://kr.indeed.com/viewjob?jk=da69cd8a27564037,2022년 신입/경력사원 수시,서울 중구,??
https://kr.indeed.com/viewjob?jk=5831d883c772b977,[TmaxEdu/R&D] 연구 개발자,성남 분당구,??
https://kr.indeed.com/viewjob?jk=03d4455768432ff5,"Back-End Software Engineer, TensorFlow Extended",서울,??
https://kr.indeed.com/viewjob?jk=aac8e9355cb855ac,[인재풀] 아티스트 ART,서울,??
https://kr.indeed.com/viewjob?jk=b515669e8032265b,[kt ds] 2022년 각 부문별 경력사원 수시,서울 서초구,??
https://kr.indeed.com/viewjob?jk=6d4c339f382395ab,Technical Support Engineering-AKS,서울,??
https://kr.indeed.com/viewjob?jk=56054fe5f3dd4da8,"[TmaxMetaverse/R&D] 게임 엔진, 게임 서버, 메타버스 스튜디오, Vision AI 엔진 개발자",성남 분당구,??
https://kr.indeed.com/viewjob?jk=e6f79134827d23a7,데이터분석 전문가 모집,서울 남대문로5가,??
https://kr.indeed.com/viewjob?jk=300315c828d012f8,데이터분석가 - Global Leading Consulting Firm,서울,??
https://kr.indeed.com/viewjob?jk=c17577c26003e389,반도체 Global Verification Project Manager,성남 분당구,??
https://kr.indeed.com/viewjob?jk=2d887b3032ebc835,"Associate Software Engineer, gReach Program for Veterans (보훈대상자)",서울,??
https://kr.indeed.com/viewjob?jk=abdc136f65ceddd4,AI 분야,서울,??
https://kr.indeed.com/viewjob?jk=84db2475d27626ff,AI Research Engineer for NNCF,서울,??
https://kr.indeed.com/viewjob?jk=44e9ac7f0f94e784,한국필립모리스 2022년 상반기 수시,서울 영등포구,??
https://kr.indeed.com/viewjob?jk=2a5b207c17d06e56,클라우드 부문 인재,서울 중구,??
https://kr.indeed.com/viewjob?jk=89da943e9a11af36,각 부문별,서울 서초구,??
https://kr.indeed.com/viewjob?jk=67c19d7ac0857ecd,빅데이터 분야,서울,??
https://kr.indeed.com/viewjob?jk=59f3955300bad295,[NAVER Z] 데이터 엔지니어,성남 분당구,??
https://kr.indeed.com/viewjob?jk=b1c15b71e2c94056,Data Engineer & Scientist,서울 영등포구,??
https://kr.indeed.com/viewjob?jk=016de9bb83a8032d,JR0186078 AI Research Engineer Intern,서울,??
https://kr.indeed.com/viewjob?jk=e388dcd8eaea288a,[HDC 랩스] 2022년 상반기 경력 공개,서울특별시,??
https://kr.indeed.com/viewjob?jk=a27cd33cb789697d,[NHN] 인사운영,성남 판교역,??
https://kr.indeed.com/viewjob?jk=d01a7809040e43f1,퀀트운용본부 퀀트운용팀(인턴~사원),대한민국,??
https://kr.indeed.com/viewjob?jk=da69cd8a27564037,2022년 신입/경력사원 수시,서울 중구,??
https://kr.indeed.com/viewjob?jk=6d4c339f382395ab,Technical Support Engineering-AKS,서울,??
https://kr.indeed.com/viewjob?jk=2d887b3032ebc835,"Associate Software Engineer, gReach Program for Veterans (보훈대상자)",서울,??
https://kr.indeed.com/viewjob?jk=44e9ac7f0f94e784,한국필립모리스 2022년 상반기 수시,서울 영등포구,??
https://kr.indeed.com/viewjob?jk=e388dcd8eaea288a,[HDC 랩스] 2022년 상반기 경력 공개,서울특별시,??
https://kr.indeed.com/viewjob?jk=67c19d7ac0857ecd,빅데이터 분야,서울,??
https://kr.indeed.com/viewjob?jk=b1c15b71e2c94056,Data Engineer & Scientist,서울 영등포구,??
https://kr.indeed.com/viewjob?jk=789cfa298329897f,산업용 솔루션 개발,경기도 고양,"연봉 36,000,000원 - 60,000,000원"
https://kr.indeed.com/viewjob?jk=1601f1bfe3302af5,2022년 상반기 백엔드 개발자,성남 분당구,??
https://kr.indeed.com/viewjob?jk=992f17e9e0140eca,Backend Developer (Python/Senior/6년이상),서울 서초구,??
https://kr.indeed.com/viewjob?jk=f6dd075d7c548083,[ HDC 랩스 ] 2022년 상반기 경력 공개,서울 용산구,??
https://kr.indeed.com/viewjob?jk=5b90e74ac08353b4,[TmaxAI/R&D] NLP/음성 부문 AI모델 개발자,성남 분당구,??
https://kr.indeed.com/viewjob?jk=0d0018d464c0d7f8,신입/경력사원,서울 마곡역,??
https://kr.indeed.com/viewjob?jk=5831d883c772b977,[TmaxEdu/R&D] 연구 개발자,성남 분당구,??
https://kr.indeed.com/viewjob?jk=b515669e8032265b,[kt ds] 2022년 각 부문별 경력사원 수시,서울 서초구,??
https://kr.indeed.com/viewjob?jk=56054fe5f3dd4da8,"[TmaxMetaverse/R&D] 게임 엔진, 게임 서버, 메타버스 스튜디오, Vision AI 엔진 개발자",성남 분당구,??
https://kr.indeed.com/viewjob?jk=300315c828d012f8,데이터분석가 - Global Leading Consulting Firm,서울,??
https://kr.indeed.com/viewjob?jk=c17577c26003e389,반도체 Global Verification Project Manager,성남 분당구,??
https://kr.indeed.com/viewjob?jk=abdc136f65ceddd4,AI 분야,서울,??
https://kr.indeed.com/viewjob?jk=2a5b207c17d06e56,클라우드 부문 인재,서울 중구,??
https://kr.indeed.com/viewjob?jk=89da943e9a11af36,각 부문별,서울 서초구,??
https://kr.indeed.com/viewjob?jk=287a2f9783758916,한국행동과학연구소 각 부문 수시,서울 강남구,??
https://kr.indeed.com/viewjob?jk=59f3955300bad295,[NAVER Z] 데이터 엔지니어,성남 분당구,??
https://kr.indeed.com/viewjob?jk=71c47ac87bb4087e,기술 인턴 인공지능 응용 연구/개발 인턴,서울 관악구,??
https://kr.indeed.com/viewjob?jk=cadddc1d517bc19b,Renewable Energy Analyst,서울,??
https://kr.indeed.com/viewjob?jk=5eed024ee8bba2a5,Klleon R&D(전문연구원 및 정규직),서울 성동구,??
https://kr.indeed.com/viewjob?jk=85d5ca2cd5b4dbfb,(주)클레온 Klleon MLOps Engineer 전문연구원 및 계약직,서울 성동구,??
https://kr.indeed.com/viewjob?jk=56a568e810beef7b,인공지능 말동무인형 WEB 개발자,성남 분당구,"연봉 40,000,000원 - 120,000,000원"
https://kr.indeed.com/viewjob?jk=ef4f835e3c0b953e,Network Engineer,서울 중구,??
https://kr.indeed.com/viewjob?jk=071af9d7867fb6f8,악성 코드 분석,성남 분당구,??
https://kr.indeed.com/viewjob?jk=6e40505ede5deff5,"Technical Solutions Engineer, Wear OS",서울,??
https://kr.indeed.com/viewjob?jk=016de9bb83a8032d,JR0186078 AI Research Engineer Intern,서울,??
https://kr.indeed.com/viewjob?jk=69d3cc2cca262747,Machine Learning Engineer Intern - Korea,서울,??
https://kr.indeed.com/viewjob?jk=e9d820b3e4bb069e,데이터 엔지니어 (전문연구요원 가능),서울 강남구,??
https://kr.indeed.com/viewjob?jk=a27cd33cb789697d,[NHN] 인사운영,성남 판교역,??
https://kr.indeed.com/viewjob?jk=2f56d4b70c1df086,하반기 인턴직 모집,서울 을지로2가,??
https://kr.indeed.com/viewjob?jk=38b3d70ee4b530c4,[TmaxFinTech/R&D] AI & FinTech 프론트엔드 개발자,성남 분당구,??
https://kr.indeed.com/viewjob?jk=6e40505ede5deff5,"Technical Solutions Engineer, Wear OS",서울,??
https://kr.indeed.com/viewjob?jk=a91e307a449bbf1f,"Charging Operations Specialist, APAC Charging (English Speaker Needed)",서울 강남구,??
https://kr.indeed.com/viewjob?jk=71c47ac87bb4087e,기술 인턴 인공지능 응용 연구/개발 인턴,서울 관악구,??
https://kr.indeed.com/viewjob?jk=5eed024ee8bba2a5,Klleon R&D(전문연구원 및 정규직),서울 성동구,??
https://kr.indeed.com/viewjob?jk=287a2f9783758916,한국행동과학연구소 각 부문 수시,서울 강남구,??
https://kr.indeed.com/viewjob?jk=cadddc1d517bc19b,Renewable Energy Analyst,서울,??
https://kr.indeed.com/viewjob?jk=e93674548793e94c,데이터 분석가 영입,성남 분당구,??
https://kr.indeed.com/viewjob?jk=56a568e810beef7b,인공지능 말동무인형 WEB 개발자,성남 분당구,"연봉 40,000,000원 - 120,000,000원"
https://kr.indeed.com/viewjob?jk=e9d820b3e4bb069e,데이터 엔지니어 (전문연구요원 가능),서울 강남구,??
https://kr.indeed.com/viewjob?jk=2f56d4b70c1df086,하반기 인턴직 모집,서울 을지로2가,??
https://kr.indeed.com/viewjob?jk=a91e307a449bbf1f,"Charging Operations Specialist, APAC Charging (English Speaker Needed)",서울 강남구,??
https://kr.indeed.com/viewjob?jk=ef4f835e3c0b953e,Network Engineer,서울 중구,??
https://kr.indeed.com/viewjob?jk=71c47ac87bb4087e,기술 인턴 인공지능 응용 연구/개발 인턴,서울 관악구,??
https://kr.indeed.com/viewjob?jk=5eed024ee8bba2a5,Klleon R&D(전문연구원 및 정규직),서울 성동구,??
https://kr.indeed.com/viewjob?jk=85d5ca2cd5b4dbfb,(주)클레온 Klleon MLOps Engineer 전문연구원 및 계약직,서울 성동구,??
https://kr.indeed.com/viewjob?jk=071af9d7867fb6f8,악성 코드 분석,성남 분당구,??
https://kr.indeed.com/viewjob?jk=69d3cc2cca262747,Machine Learning Engineer Intern - Korea,서울,??
https://kr.indeed.com/viewjob?jk=38b3d70ee4b530c4,[TmaxFinTech/R&D] AI & FinTech 프론트엔드 개발자,성남 분당구,??
https://kr.indeed.com/viewjob?jk=03d4455768432ff5,"Back-End Software Engineer, TensorFlow Extended",서울,??
https://kr.indeed.com/viewjob?jk=aac8e9355cb855ac,[인재풀] 아티스트 ART,서울,??
https://kr.indeed.com/viewjob?jk=e6f79134827d23a7,데이터분석 전문가 모집,서울 남대문로5가,??
https://kr.indeed.com/viewjob?jk=84db2475d27626ff,AI Research Engineer for NNCF,서울,??
https://kr.indeed.com/viewjob?jk=d01a7809040e43f1,퀀트운용본부 퀀트운용팀(인턴~사원),대한민국,??
https://kr.indeed.com/viewjob?jk=1601f1bfe3302af5,2022년 상반기 백엔드 개발자,성남 분당구,??
https://kr.indeed.com/viewjob?jk=992f17e9e0140eca,Backend Developer (Python/Senior/6년이상),서울 서초구,??
https://kr.indeed.com/viewjob?jk=f6dd075d7c548083,[ HDC 랩스 ] 2022년 상반기 경력 공개,서울 용산구,??
https://kr.indeed.com/viewjob?jk=5b90e74ac08353b4,[TmaxAI/R&D] NLP/음성 부문 AI모델 개발자,성남 분당구,??
https://kr.indeed.com/viewjob?jk=0d0018d464c0d7f8,신입/경력사원,서울 마곡역,??
https://kr.indeed.com/viewjob?jk=789cfa298329897f,산업용 솔루션 개발,경기도 고양,"연봉 36,000,000원 - 60,000,000원"
https://kr.indeed.com/viewjob?jk=5831d883c772b977,[TmaxEdu/R&D] 연구 개발자,성남 분당구,??
https://kr.indeed.com/viewjob?jk=b515669e8032265b,[kt ds] 2022년 각 부문별 경력사원 수시,서울 서초구,??
https://kr.indeed.com/viewjob?jk=56054fe5f3dd4da8,"[TmaxMetaverse/R&D] 게임 엔진, 게임 서버, 메타버스 스튜디오, Vision AI 엔진 개발자",성남 분당구,??
https://kr.indeed.com/viewjob?jk=300315c828d012f8,데이터분석가 - Global Leading Consulting Firm,서울,??
https://kr.indeed.com/viewjob?jk=c17577c26003e389,반도체 Global Verification Project Manager,성남 분당구,??
https://kr.indeed.com/viewjob?jk=abdc136f65ceddd4,AI 분야,서울,??
https://kr.indeed.com/viewjob?jk=2a5b207c17d06e56,클라우드 부문 인재,서울 중구,??
https://kr.indeed.com/viewjob?jk=89da943e9a11af36,각 부문별,서울 서초구,??
https://kr.indeed.com/viewjob?jk=59f3955300bad295,[NAVER Z] 데이터 엔지니어,성남 분당구,??
https://kr.indeed.com/viewjob?jk=016de9bb83a8032d,JR0186078 AI Research Engineer Intern,서울,??
https://kr.indeed.com/viewjob?jk=e93674548793e94c,데이터 분석가 영입,성남 분당구,??
https://kr.indeed.com/viewjob?jk=1015284880e2ff62,라인프렌즈 2022년 각 부문 수시,서울 용산구,??
https://kr.indeed.com/viewjob?jk=6dd48f3771d01215,"Student Researcher Intern, 2022",서울,??
https://kr.indeed.com/viewjob?jk=0cb4a784529cb1b8,Software Engineer,서울,??
https://kr.indeed.com/viewjob?jk=af846ce8ea8351ab,"Software Engineer, Camera 3A",서울,??
https://kr.indeed.com/viewjob?jk=40c881f35bbfdb9b,Summer Internship Path : 석박사 맞춤형 인턴십,서울,??
https://kr.indeed.com/viewjob?jk=6fa799897d8ef951,파이썬 개발자 - Python Developer,서울+1 지역,??
https://kr.indeed.com/viewjob?jk=1015284880e2ff62,라인프렌즈 2022년 각 부문 수시,서울 용산구,??
https://kr.indeed.com/viewjob?jk=ef4f835e3c0b953e,Network Engineer,서울 중구,??
https://kr.indeed.com/viewjob?jk=6dd48f3771d01215,"Student Researcher Intern, 2022",서울,??
https://kr.indeed.com/viewjob?jk=03d4455768432ff5,"Back-End Software Engineer, TensorFlow Extended",서울,??
https://kr.indeed.com/viewjob?jk=287a2f9783758916,한국행동과학연구소 각 부문 수시,서울 강남구,??
https://kr.indeed.com/viewjob?jk=aac8e9355cb855ac,[인재풀] 아티스트 ART,서울,??
https://kr.indeed.com/viewjob?jk=e6f79134827d23a7,데이터분석 전문가 모집,서울 남대문로5가,??
https://kr.indeed.com/viewjob?jk=cadddc1d517bc19b,Renewable Energy Analyst,서울,??
https://kr.indeed.com/viewjob?jk=e93674548793e94c,데이터 분석가 영입,성남 분당구,??
https://kr.indeed.com/viewjob?jk=84db2475d27626ff,AI Research Engineer for NNCF,서울,??
https://kr.indeed.com/viewjob?jk=2f56d4b70c1df086,하반기 인턴직 모집,서울 을지로2가,??
https://kr.indeed.com/viewjob?jk=56a568e810beef7b,인공지능 말동무인형 WEB 개발자,성남 분당구,"연봉 40,000,000원 - 120,000,000원"
https://kr.indeed.com/viewjob?jk=e9d820b3e4bb069e,데이터 엔지니어 (전문연구요원 가능),서울 강남구,??
https://kr.indeed.com/viewjob?jk=a91e307a449bbf1f,"Charging Operations Specialist, APAC Charging (English Speaker Needed)",서울 강남구,??
